,AllScores,AllAiScores
0,20200.470482257788,0
1,24937.526817863265,0
2,32332.37085874174,40
3,17090.788095739197,40
4,31369.691485235227,80
5,6789.486449765466,80
